#(519, 504, 510.50195, 2048, 523, 497, 509.92383, 2048)
28E049A0, 512, 510, 1495650504540, 684744552
28E049A0, 512, 510, 1495650504541, 1000
28E049A0, 511, 510, 1495650504542, 1000
28E049A0, 511, 510, 1495650504543, 1000
28E049A0, 509, 504, 1495650504544, 1000
28E049A0, 510, 510, 1495650504545, 1000
28E049A0, 514, 511, 1495650504546, 1000
28E049A0, 512, 511, 1495650504547, 1000
28E049A0, 513, 511, 1495650504548, 1000
28E049A0, 512, 511, 1495650504549, 1000
28E049A0, 512, 511, 1495650504550, 1000
28E049A0, 511, 511, 1495650504551, 1000
28E049A0, 510, 511, 1495650504552, 1000
28E049A0, 510, 510, 1495650504553, 1000
28E04D88, 511, 518, 1495650504554, 1000
28E04D88, 511, 510, 1495650504555, 1000
28E04D88, 509, 511, 1495650504556, 1000
28E04D88, 511, 511, 1495650504557, 1000
28E04D88, 510, 511, 1495650504558, 1000
28E04D88, 510, 510, 1495650504559, 1000
28E04D88, 511, 511, 1495650504560, 1000
28E04D88, 511, 510, 1495650504561, 1000
28E04D88, 511, 510, 1495650504562, 1000
28E04D88, 511, 510, 1495650504563, 1000
28E04D88, 509, 504, 1495650504564, 1000
28E04D88, 511, 511, 1495650504565, 1000
28E04D88, 513, 510, 1495650504566, 1000
28E04D88, 512, 510, 1495650504567, 1000
28E04D88, 511, 510, 1495650504568, 1000
28E04D88, 512, 511, 1495650504569, 1000
28E04D88, 513, 511, 1495650504570, 1000
28E04D88, 510, 509, 1495650504571, 1000
28E04D88, 511, 510, 1495650504572, 1000
28E04D88, 509, 509, 1495650504573, 1000
28E04D88, 513, 520, 1495650504574, 1000
28E04D88, 513, 510, 1495650504575, 1000
28E04D88, 505, 508, 1495650504576, 1000
28E04D88, 508, 508, 1495650504577, 1000
28E05170, 509, 510, 1495650504578, 1000
28E05170, 509, 508, 1495650504579, 1000
28E05170, 508, 508, 1495650504580, 1000
28E05170, 510, 509, 1495650504581, 1000
28E05170, 509, 508, 1495650504582, 1000
28E05170, 511, 509, 1495650504583, 1000
28E05170, 508, 501, 1495650504584, 1000
28E05170, 510, 511, 1495650504585, 1000
28E05170, 514, 510, 1495650504586, 1000
28E05170, 512, 510, 1495650504587, 1000
28E05170, 513, 512, 1495650504588, 1000
28E05170, 512, 511, 1495650504589, 1000
28E05170, 511, 510, 1495650504590, 1000
28E05170, 512, 511, 1495650504591, 1000
28E05170, 510, 510, 1495650504592, 1000
28E05170, 510, 511, 1495650504593, 1000
28E05170, 511, 519, 1495650504594, 1000
28E05170, 512, 510, 1495650504595, 1000
28E05170, 507, 510, 1495650504596, 1000
28E05170, 508, 509, 1495650504597, 1000
28E05170, 510, 511, 1495650504598, 1000
28E05170, 510, 509, 1495650504599, 1000
28E05170, 509, 509, 1495650504600, 1000
28E05170, 510, 509, 1495650504601, 1000
28E05170, 510, 509, 1495650504602, 1000
28E05558, 510, 509, 1495650504603, 1000
28E05940, 510, 503, 1495650504604, 1000
28E05940, 510, 512, 1495650504605, 1000
28E05940, 513, 510, 1495650504606, 1000
28E05940, 511, 509, 1495650504607, 1000
28E05940, 512, 510, 1495650504608, 1000
28E05940, 511, 510, 1495650504609, 1000
28E05940, 511, 510, 1495650504610, 1000
28E05940, 511, 510, 1495650504611, 1000
28E05940, 510, 510, 1495650504612, 1000
28E05940, 510, 510, 1495650504613, 1000
28E05940, 511, 521, 1495650504614, 1000
28E05940, 519, 517, 1495650504615, 1000
28E05940, 507, 511, 1495650504616, 1000
28E05940, 512, 512, 1495650504617, 1000
28E05940, 512, 511, 1495650504618, 1000
28E05940, 511, 511, 1495650504619, 1008
28E05940, 510, 510, 1495650504620, 992
28E05940, 511, 509, 1495650504621, 1000
28E05940, 509, 508, 1495650504622, 1000
28E05940, 509, 508, 1495650504623, 1000
28E05940, 504, 500, 1495650504624, 1000
28E05940, 513, 513, 1495650504625, 1000
28E05940, 514, 509, 1495650504626, 1000
28E05940, 513, 509, 1495650504627, 1000
28E05940, 513, 511, 1495650504628, 1000
28E05D28, 509, 508, 1495650504629, 1000
28E05D28, 509, 509, 1495650504630, 1000
28E05D28, 509, 509, 1495650504631, 1000
28E05D28, 509, 509, 1495650504632, 1000
28E05D28, 509, 509, 1495650504633, 1000
28E05D28, 512, 519, 1495650504634, 1000
28E05D28, 513, 511, 1495650504635, 1000
28E05D28, 504, 508, 1495650504636, 1000
28E05D28, 508, 510, 1495650504637, 1000
28E05D28, 509, 509, 1495650504638, 1000
28E05D28, 507, 507, 1495650504639, 1000
28E05D28, 509, 508, 1495650504640, 1000
28E05D28, 510, 509, 1495650504641, 1000
28E05D28, 510, 509, 1495650504642, 1000
28E05D28, 510, 509, 1495650504643, 1000
28E05D28, 508, 502, 1495650504644, 1000
28E05D28, 508, 509, 1495650504645, 1000
28E05D28, 515, 510, 1495650504646, 1000
28E05D28, 513, 510, 1495650504647, 1000
28E05D28, 513, 511, 1495650504648, 1000
28E05D28, 513, 511, 1495650504649, 1000
28E05D28, 510, 511, 1495650504650, 1000
28E05D28, 513, 510, 1495650504651, 1000
28E05D28, 511, 511, 1495650504652, 1000
28E05D28, 511, 511, 1495650504653, 1000
28E05D28, 513, 520, 1495650504654, 1000
28E06110, 512, 510, 1495650504655, 1000
28E064F8, 505, 508, 1495650504656, 1000
28E064F8, 509, 510, 1495650504657, 1000
28E064F8, 512, 511, 1495650504658, 1000
28E064F8, 510, 510, 1495650504659, 1000
28E064F8, 510, 509, 1495650504660, 1000
28E064F8, 511, 509, 1495650504661, 1000
28E064F8, 508, 508, 1495650504662, 1000
28E064F8, 511, 509, 1495650504663, 1000
28E064F8, 506, 499, 1495650504664, 1000
28E064F8, 511, 511, 1495650504665, 1000
28E064F8, 515, 511, 1495650504666, 1000
28E064F8, 513, 511, 1495650504667, 1000
28E064F8, 515, 513, 1495650504668, 1000
28E064F8, 513, 513, 1495650504669, 1000
28E064F8, 511, 509, 1495650504670, 1000
28E064F8, 512, 512, 1495650504671, 1000
28E064F8, 509, 512, 1495650504672, 1000
28E064F8, 510, 510, 1495650504673, 1000
28E064F8, 511, 521, 1495650504674, 1000
28E064F8, 511, 509, 1495650504675, 1000
28E064F8, 507, 511, 1495650504676, 1000
28E064F8, 509, 510, 1495650504677, 1000
28E064F8, 510, 510, 1495650504678, 1000
28E064F8, 509, 509, 1495650504679, 1000
28E064F8, 507, 507, 1495650504680, 1000
28E064F8, 509, 507, 1495650504681, 1000
28E064F8, 511, 508, 1495650504682, 1000
28E064F8, 509, 510, 1495650504683, 1000
28E064F8, 508, 500, 1495650504684, 1000
28E064F8, 510, 510, 1495650504685, 1000
28E068E0, 513, 510, 1495650504686, 1000
28E068E0, 511, 508, 1495650504687, 1000
28E068E0, 515, 512, 1495650504688, 1000
28E068E0, 510, 510, 1495650504689, 1000
28E068E0, 512, 511, 1495650504690, 1000
28E068E0, 514, 511, 1495650504691, 1000
28E068E0, 512, 512, 1495650504692, 1000
28E068E0, 513, 513, 1495650504693, 1000
28E068E0, 511, 517, 1495650504694, 1000
28E068E0, 511, 508, 1495650504695, 1000
28E068E0, 506, 509, 1495650504696, 1000
28E068E0, 509, 508, 1495650504697, 1000
28E068E0, 511, 511, 1495650504698, 1000
28E068E0, 509, 509, 1495650504699, 1000
28E068E0, 510, 509, 1495650504700, 1000
28E068E0, 509, 507, 1495650504701, 1000
28E068E0, 511, 509, 1495650504702, 1000
28E068E0, 511, 510, 1495650504703, 1000
28E068E0, 508, 501, 1495650504704, 1000
28E068E0, 510, 511, 1495650504705, 1000
28E068E0, 513, 509, 1495650504706, 1000
28E068E0, 513, 511, 1495650504707, 1000
28E068E0, 515, 511, 1495650504708, 1000
28E068E0, 513, 513, 1495650504709, 1000
28E068E0, 510, 511, 1495650504710, 1000
28E068E0, 514, 512, 1495650504711, 1000
28E068E0, 509, 510, 1495650504712, 1000
28E068E0, 510, 511, 1495650504713, 1000
28E068E0, 512, 521, 1495650504714, 1000
28E068E0, 515, 514, 1495650504715, 1000
28E068E0, 510, 514, 1495650504716, 1000
28E06CC8, 507, 508, 1495650504717, 1000
28E070B0, 509, 510, 1495650504718, 1000
28E070B0, 508, 509, 1495650504719, 1000
28E070B0, 508, 508, 1495650504720, 1000
28E070B0, 509, 507, 1495650504721, 1000
28E070B0, 508, 507, 1495650504722, 1000
28E070B0, 509, 507, 1495650504723, 1000
28E070B0, 508, 500, 1495650504724, 1000
28E070B0, 510, 508, 1495650504725, 1000
28E070B0, 515, 510, 1495650504726, 1000
28E070B0, 512, 510, 1495650504727, 1000
28E070B0, 514, 513, 1495650504728, 1000
28E070B0, 512, 511, 1495650504729, 1000
28E070B0, 509, 509, 1495650504730, 1000
28E070B0, 512, 511, 1495650504731, 1000
28E070B0, 511, 511, 1495650504732, 1000
28E070B0, 508, 510, 1495650504733, 1000
28E070B0, 513, 519, 1495650504734, 1000
28E070B0, 512, 509, 1495650504735, 1000
28E070B0, 505, 510, 1495650504736, 1000
28E070B0, 509, 510, 1495650504737, 1000
28E070B0, 512, 512, 1495650504738, 1000
28E070B0, 508, 508, 1495650504739, 1000
28E070B0, 509, 509, 1495650504740, 1000
28E070B0, 511, 509, 1495650504741, 1000
28E070B0, 511, 510, 1495650504742, 1000
28E070B0, 509, 508, 1495650504743, 1000
28E070B0, 507, 500, 1495650504744, 1000
28E070B0, 509, 510, 1495650504745, 1000
28E070B0, 515, 511, 1495650504746, 1000
28E070B0, 513, 511, 1495650504747, 1008
28E070B0, 514, 511, 1495650504748, 992
28E070B0, 513, 512, 1495650504749, 1000
28E070B0, 510, 509, 1495650504750, 1000
28E070B0, 513, 512, 1495650504751, 1000
28E070B0, 513, 513, 1495650504752, 1000
28E070B0, 509, 510, 1495650504753, 1000
28E070B0, 510, 517, 1495650504754, 1000
28E07498, 509, 508, 1495650504755, 1000
28E07498, 506, 510, 1495650504756, 1000
28E07498, 506, 507, 1495650504757, 1000
28E07498, 509, 509, 1495650504758, 1000
28E07498, 508, 508, 1495650504759, 1000
28E07498, 508, 507, 1495650504760, 1000
28E07498, 510, 508, 1495650504761, 1000
28E07498, 509, 508, 1495650504762, 1000
28E07498, 510, 508, 1495650504763, 1000
28E07498, 508, 500, 1495650504764, 1000
28E07498, 509, 509, 1495650504765, 1000
28E07498, 514, 509, 1495650504766, 1000
28E07498, 512, 509, 1495650504767, 1000
28E07498, 513, 511, 1495650504768, 1000
28E07498, 512, 510, 1495650504769, 1000
28E07498, 511, 510, 1495650504770, 1000
28E07498, 512, 511, 1495650504771, 1000
28E07498, 510, 510, 1495650504772, 1000
28E07498, 510, 510, 1495650504773, 1000
28E07498, 511, 519, 1495650504774, 1000
28E07498, 512, 509, 1495650504775, 1000
28E07498, 507, 509, 1495650504776, 1000
28E07498, 509, 509, 1495650504777, 1000
28E07498, 511, 511, 1495650504778, 1000
28E07498, 509, 509, 1495650504779, 1000
28E07498, 509, 509, 1495650504780, 1000
28E07498, 511, 509, 1495650504781, 1000
28E07498, 510, 509, 1495650504782, 1000
28E07498, 510, 510, 1495650504783, 1000
28E07498, 509, 500, 1495650504784, 1000
28E07498, 509, 511, 1495650504785, 1000
28E07498, 514, 510, 1495650504786, 1000
28E07498, 512, 510, 1495650504787, 1000
28E07498, 514, 512, 1495650504788, 1000
28E07498, 512, 512, 1495650504789, 1000
28E07498, 511, 511, 1495650504790, 1000
28E07498, 512, 511, 1495650504791, 1000
28E07498, 510, 511, 1495650504792, 1000
28E07498, 510, 510, 1495650504793, 1000
28E07498, 512, 520, 1495650504794, 1000
28E07498, 512, 510, 1495650504795, 1000
28E07498, 506, 510, 1495650504796, 1000
28E07498, 509, 509, 1495650504797, 1000
28E07498, 510, 511, 1495650504798, 1000
28E07498, 509, 509, 1495650504799, 1000
28E07880, 509, 509, 1495650504800, 1000
28E07880, 511, 508, 1495650504801, 1000
28E07880, 510, 508, 1495650504802, 1000
28E07880, 510, 508, 1495650504803, 1000
28E07880, 508, 500, 1495650504804, 1000
28E07880, 509, 510, 1495650504805, 1000
28E07880, 514, 509, 1495650504806, 1000
28E07880, 512, 510, 1495650504807, 1000
28E07880, 514, 511, 1495650504808, 1000
28E07880, 512, 511, 1495650504809, 1000
28E07880, 511, 510, 1495650504810, 1000
28E07880, 512, 512, 1495650504811, 1000
28E07880, 510, 510, 1495650504812, 1000
28E07880, 510, 510, 1495650504813, 1000
28E07880, 511, 520, 1495650504814, 1000
28E07880, 512, 509, 1495650504815, 1000
28E07880, 506, 509, 1495650504816, 1000
28E07880, 514, 514, 1495650504817, 1000
28E07880, 514, 514, 1495650504818, 1000
28E07880, 507, 508, 1495650504819, 1000
28E07880, 508, 508, 1495650504820, 1000
28E07880, 510, 508, 1495650504821, 1000
28E07880, 509, 508, 1495650504822, 1000
28E07880, 510, 509, 1495650504823, 1000
28E07880, 508, 500, 1495650504824, 1000
28E07880, 509, 510, 1495650504825, 1000
28E07880, 514, 510, 1495650504826, 1000
28E07880, 512, 511, 1495650504827, 1000
28E07880, 513, 512, 1495650504828, 1000
28E07880, 511, 511, 1495650504829, 1000
28E07880, 511, 511, 1495650504830, 1000
28E07880, 512, 511, 1495650504831, 1000
28E07880, 510, 510, 1495650504832, 1000
28E07880, 510, 510, 1495650504833, 1000
28E07880, 511, 520, 1495650504834, 1000
28E07880, 512, 509, 1495650504835, 1000
28E07880, 506, 510, 1495650504836, 1000
28E07880, 509, 509, 1495650504837, 1000
28E07880, 510, 510, 1495650504838, 1000
28E07880, 509, 510, 1495650504839, 1000
28E07880, 509, 509, 1495650504840, 1000
28E07880, 511, 508, 1495650504841, 1000
28E07880, 510, 508, 1495650504842, 1000
28E07880, 510, 508, 1495650504843, 1000
28E07880, 509, 499, 1495650504844, 1000
28E07880, 509, 510, 1495650504845, 1000
28E07C68, 514, 510, 1495650504846, 1000
28E07C68, 512, 510, 1495650504847, 1000
28E08050, 513, 512, 1495650504848, 1000
28E08050, 512, 510, 1495650504849, 1000
28E08050, 511, 511, 1495650504850, 1000
28E08050, 513, 511, 1495650504851, 1000
28E08050, 510, 511, 1495650504852, 1000
28E08050, 510, 511, 1495650504853, 1000
28E08050, 512, 520, 1495650504854, 1000
28E08050, 512, 509, 1495650504855, 1000
28E08050, 506, 509, 1495650504856, 1000
28E08050, 509, 510, 1495650504857, 1000
28E08050, 510, 511, 1495650504858, 1000
28E08050, 509, 509, 1495650504859, 1000
28E08050, 509, 509, 1495650504860, 1000
28E08050, 511, 509, 1495650504861, 1000
28E08050, 510, 509, 1495650504862, 1000
28E08050, 510, 509, 1495650504863, 1000
28E08050, 509, 500, 1495650504864, 1000
28E08050, 509, 510, 1495650504865, 1000
28E08050, 514, 510, 1495650504866, 1000
28E08050, 512, 511, 1495650504867, 1000
28E08050, 513, 512, 1495650504868, 1000
28E08050, 512, 511, 1495650504869, 1000
28E08050, 511, 511, 1495650504870, 1000
28E08050, 512, 511, 1495650504871, 1000
28E08050, 510, 510, 1495650504872, 1000
28E08050, 510, 510, 1495650504873, 1000
28E08050, 511, 519, 1495650504874, 1000
28E08050, 513, 509, 1495650504875, 1008
28E08050, 506, 509, 1495650504876, 992
28E08050, 509, 509, 1495650504877, 1000
28E08050, 510, 511, 1495650504878, 1000
28E08050, 509, 509, 1495650504879, 1000
28E08050, 509, 509, 1495650504880, 1000
28E08050, 511, 508, 1495650504881, 1000
28E08050, 510, 508, 1495650504882, 1000
28E08050, 510, 508, 1495650504883, 1000
28E08050, 509, 498, 1495650504884, 1000
28E08050, 508, 510, 1495650504885, 1000
28E08050, 514, 509, 1495650504886, 1000
28E08050, 512, 510, 1495650504887, 1000
28E08050, 513, 512, 1495650504888, 1000
28E08050, 512, 511, 1495650504889, 1000
28E08050, 511, 511, 1495650504890, 1000
28E08050, 512, 510, 1495650504891, 1000
28E08050, 510, 510, 1495650504892, 1000
28E08050, 510, 510, 1495650504893, 1000
28E08050, 510, 521, 1495650504894, 1000
28E08050, 513, 510, 1495650504895, 1000
28E08050, 507, 509, 1495650504896, 1000
28E08050, 509, 510, 1495650504897, 1000
28E08050, 510, 511, 1495650504898, 1000
28E08050, 509, 510, 1495650504899, 1000
28E08050, 509, 509, 1495650504900, 1000
28E08050, 511, 509, 1495650504901, 1000
28E08050, 510, 509, 1495650504902, 1000
28E08050, 510, 510, 1495650504903, 1000
28E08050, 509, 500, 1495650504904, 1000
28E08438, 508, 510, 1495650504905, 1000
28E08438, 516, 512, 1495650504906, 1000
28E08438, 512, 510, 1495650504907, 1000
28E08438, 512, 512, 1495650504908, 1000
28E08438, 511, 510, 1495650504909, 1000
28E08438, 510, 511, 1495650504910, 1000
28E08438, 512, 511, 1495650504911, 1000
28E08438, 510, 510, 1495650504912, 1000
28E08438, 510, 510, 1495650504913, 1000
28E08438, 511, 520, 1495650504914, 1000
28E08438, 512, 509, 1495650504915, 1000
28E08438, 506, 509, 1495650504916, 1000
28E08438, 509, 509, 1495650504917, 1000
28E08438, 510, 511, 1495650504918, 1000
28E08438, 511, 513, 1495650504919, 1000
28E08438, 513, 512, 1495650504920, 1000
28E08438, 509, 507, 1495650504921, 1000
28E08438, 509, 508, 1495650504922, 1000
28E08438, 509, 508, 1495650504923, 1000
28E08438, 509, 498, 1495650504924, 1000
28E08438, 508, 510, 1495650504925, 1000
28E08438, 514, 510, 1495650504926, 1000
28E08438, 515, 513, 1495650504927, 1000
28E08438, 514, 515, 1495650504928, 1000
28E08438, 513, 512, 1495650504929, 1000
28E08438, 510, 509, 1495650504930, 1000
28E08438, 511, 509, 1495650504931, 1000
28E08438, 509, 509, 1495650504932, 1000
28E08438, 509, 509, 1495650504933, 1000
28E08438, 511, 520, 1495650504934, 1000
28E08438, 512, 509, 1495650504935, 1000
28E08438, 506, 510, 1495650504936, 1000
28E08438, 509, 510, 1495650504937, 1000
28E08438, 510, 511, 1495650504938, 1000
28E08438, 509, 510, 1495650504939, 1000
28E08438, 509, 509, 1495650504940, 1000
28E08438, 510, 509, 1495650504941, 1000
28E08438, 509, 508, 1495650504942, 1000
28E08438, 513, 511, 1495650504943, 1000
28E08438, 509, 498, 1495650504944, 1000
28E08438, 507, 509, 1495650504945, 1000
28E08438, 513, 509, 1495650504946, 1000
28E08438, 511, 509, 1495650504947, 1000
28E08438, 512, 511, 1495650504948, 1000
28E08438, 511, 511, 1495650504949, 1000
28E08438, 511, 510, 1495650504950, 1000
28E08438, 512, 511, 1495650504951, 1000
28E08438, 510, 510, 1495650504952, 1000
28E08438, 510, 510, 1495650504953, 1000
28E08438, 511, 519, 1495650504954, 1000
28E08438, 512, 509, 1495650504955, 1000
28E08438, 506, 509, 1495650504956, 1000
28E08438, 509, 509, 1495650504957, 1000
28E08438, 510, 510, 1495650504958, 1000
28E08438, 509, 509, 1495650504959, 1000
28E08438, 509, 508, 1495650504960, 1000
28E08438, 511, 509, 1495650504961, 1000
28E08438, 510, 509, 1495650504962, 1000
28E08438, 510, 509, 1495650504963, 1000
28E08438, 510, 499, 1495650504964, 1000
28E08438, 508, 510, 1495650504965, 1000
28E08438, 514, 509, 1495650504966, 1000
28E08438, 512, 510, 1495650504967, 1000
28E08438, 513, 512, 1495650504968, 1000
28E08438, 512, 511, 1495650504969, 1000
28E08438, 512, 511, 1495650504970, 1000
28E08438, 512, 511, 1495650504971, 1000
28E08438, 510, 511, 1495650504972, 1000
28E08438, 510, 510, 1495650504973, 1000
28E08438, 512, 521, 1495650504974, 1000
28E08438, 513, 510, 1495650504975, 1000
28E08820, 507, 510, 1495650504976, 1000
28E08820, 509, 510, 1495650504977, 1000
28E08C08, 510, 511, 1495650504978, 1000
28E08C08, 510, 510, 1495650504979, 1000
28E08C08, 509, 509, 1495650504980, 1000
28E08C08, 510, 509, 1495650504981, 1000
28E08C08, 510, 510, 1495650504982, 1000
28E08C08, 510, 509, 1495650504983, 1000
28E08C08, 509, 499, 1495650504984, 1000
28E08C08, 508, 510, 1495650504985, 1000
28E08C08, 514, 510, 1495650504986, 1000
28E08C08, 512, 510, 1495650504987, 1000
28E08C08, 513, 512, 1495650504988, 1000
28E08C08, 512, 511, 1495650504989, 1000
28E08C08, 511, 511, 1495650504990, 1000
28E08C08, 512, 511, 1495650504991, 1000
28E08C08, 510, 510, 1495650504992, 1000
28E08C08, 510, 510, 1495650504993, 1000
28E08C08, 510, 521, 1495650504994, 1000
28E08C08, 513, 510, 1495650504995, 1000
28E08C08, 506, 509, 1495650504996, 1000
28E08C08, 509, 509, 1495650504997, 1000
28E08C08, 510, 511, 1495650504998, 1000
28E08C08, 509, 509, 1495650504999, 1000
28E08C08, 509, 508, 1495650505000, 1000
28E08C08, 511, 509, 1495650505001, 1000
28E08C08, 510, 508, 1495650505002, 1000
28E08C08, 510, 509, 1495650505003, 1008
28E08C08, 510, 499, 1495650505004, 992
28E08C08, 508, 510, 1495650505005, 1000
28E08C08, 514, 510, 1495650505006, 1000
28E08C08, 512, 510, 1495650505007, 1000
28E08C08, 513, 512, 1495650505008, 1000
28E08C08, 512, 511, 1495650505009, 1000
28E08C08, 511, 511, 1495650505010, 1000
28E08C08, 512, 511, 1495650505011, 1000
28E08C08, 510, 511, 1495650505012, 1000
28E08C08, 513, 513, 1495650505013, 1000
28E08C08, 511, 519, 1495650505014, 1000
28E08C08, 512, 510, 1495650505015, 1000
28E08C08, 506, 509, 1495650505016, 1000
28E08C08, 508, 509, 1495650505017, 1000
28E08C08, 510, 511, 1495650505018, 1000
28E08C08, 509, 510, 1495650505019, 1000
28E08C08, 509, 509, 1495650505020, 1000
28E08C08, 510, 509, 1495650505021, 1000
28E08C08, 514, 513, 1495650505022, 1000
28E08C08, 512, 508, 1495650505023, 1000
28E08C08, 507, 498, 1495650505024, 1000
28E08C08, 507, 509, 1495650505025, 1000
28E08C08, 513, 509, 1495650505026, 1000
28E08C08, 511, 509, 1495650505027, 1000
28E08C08, 513, 514, 1495650505028, 1000
28E08C08, 511, 509, 1495650505029, 1000
28E08C08, 513, 512, 1495650505030, 1000
28E08C08, 515, 513, 1495650505031, 1000
28E08C08, 508, 508, 1495650505032, 1000
28E08C08, 509, 508, 1495650505033, 1000
28E08C08, 509, 520, 1495650505034, 1000
28E08C08, 511, 508, 1495650505035, 1000
28E08C08, 505, 508, 1495650505036, 1000
28E08C08, 511, 511, 1495650505037, 1000
28E08C08, 509, 510, 1495650505038, 1000
28E08C08, 508, 508, 1495650505039, 1000
28E08C08, 509, 508, 1495650505040, 1000
28E08C08, 513, 511, 1495650505041, 1000
28E08C08, 512, 511, 1495650505042, 1000
28E08C08, 509, 508, 1495650505043, 1000
28E08C08, 509, 497, 1495650505044, 1000
28E08C08, 507, 509, 1495650505045, 1000
28E08C08, 513, 509, 1495650505046, 1000
28E08C08, 512, 510, 1495650505047, 1000
28E08C08, 513, 512, 1495650505048, 1000
28E08C08, 512, 511, 1495650505049, 1000
28E08C08, 511, 511, 1495650505050, 1000
28E08C08, 512, 511, 1495650505051, 1000
28E08C08, 510, 511, 1495650505052, 1000
28E08C08, 510, 511, 1495650505053, 1000
28E08C08, 510, 521, 1495650505054, 1000
28E08C08, 513, 510, 1495650505055, 1000
28E08C08, 507, 510, 1495650505056, 1000
28E08C08, 509, 510, 1495650505057, 1000
28E08C08, 510, 511, 1495650505058, 1000
28E08C08, 509, 510, 1495650505059, 1000
28E08C08, 509, 509, 1495650505060, 1000
28E08C08, 511, 509, 1495650505061, 1000
28E08C08, 510, 509, 1495650505062, 1000
28E08C08, 510, 509, 1495650505063, 1000
28E08FF0, 510, 499, 1495650505064, 1000
28E08FF0, 507, 510, 1495650505065, 1000
28E08FF0, 514, 510, 1495650505066, 1000
28E08FF0, 512, 510, 1495650505067, 1000
28E08FF0, 513, 512, 1495650505068, 1000
28E08FF0, 512, 511, 1495650505069, 1000
28E08FF0, 511, 511, 1495650505070, 1000
28E08FF0, 512, 511, 1495650505071, 1000
28E08FF0, 510, 510, 1495650505072, 1000
28E08FF0, 510, 510, 1495650505073, 1000
28E08FF0, 510, 521, 1495650505074, 1000
28E08FF0, 513, 509, 1495650505075, 1000
28E08FF0, 506, 509, 1495650505076, 1000
28E08FF0, 509, 509, 1495650505077, 1000
28E08FF0, 510, 511, 1495650505078, 1000
28E08FF0, 509, 509, 1495650505079, 1000
28E08FF0, 509, 509, 1495650505080, 1000
28E08FF0, 511, 509, 1495650505081, 1000
28E08FF0, 510, 509, 1495650505082, 1000
28E08FF0, 510, 509, 1495650505083, 1000
28E08FF0, 510, 498, 1495650505084, 1000
28E08FF0, 507, 510, 1495650505085, 1000
28E08FF0, 514, 510, 1495650505086, 1000
28E08FF0, 512, 510, 1495650505087, 1000
28E08FF0, 513, 512, 1495650505088, 1000
28E08FF0, 512, 511, 1495650505089, 1000
28E08FF0, 511, 511, 1495650505090, 1000
28E08FF0, 512, 511, 1495650505091, 1000
28E08FF0, 510, 510, 1495650505092, 1000
28E08FF0, 510, 510, 1495650505093, 1000
28E08FF0, 510, 522, 1495650505094, 1000
28E08FF0, 513, 510, 1495650505095, 1000
28E08FF0, 506, 510, 1495650505096, 1000
28E08FF0, 509, 509, 1495650505097, 1000
28E08FF0, 510, 511, 1495650505098, 1000
28E08FF0, 509, 509, 1495650505099, 1000
28E08FF0, 509, 509, 1495650505100, 1000
28E08FF0, 511, 508, 1495650505101, 1000
28E08FF0, 509, 509, 1495650505102, 1000
28E08FF0, 510, 509, 1495650505103, 1000
28E08FF0, 510, 499, 1495650505104, 1000
28E08FF0, 507, 510, 1495650505105, 1000
28E08FF0, 514, 510, 1495650505106, 1000
28E08FF0, 511, 510, 1495650505107, 1000
28E08FF0, 513, 512, 1495650505108, 1000
28E08FF0, 512, 511, 1495650505109, 1000
28E08FF0, 511, 511, 1495650505110, 1000
28E08FF0, 512, 511, 1495650505111, 1000
28E08FF0, 510, 510, 1495650505112, 1000
28E08FF0, 510, 510, 1495650505113, 1000
28E08FF0, 511, 520, 1495650505114, 1000
28E08FF0, 513, 509, 1495650505115, 1000
28E08FF0, 506, 509, 1495650505116, 1000
28E08FF0, 509, 509, 1495650505117, 1000
28E08FF0, 510, 511, 1495650505118, 1000
28E08FF0, 509, 509, 1495650505119, 1000
28E08FF0, 509, 509, 1495650505120, 1000
28E08FF0, 511, 509, 1495650505121, 1000
28E08FF0, 510, 509, 1495650505122, 1000
28E08FF0, 510, 509, 1495650505123, 1000
28E08FF0, 515, 504, 1495650505124, 1000
28E08FF0, 511, 514, 1495650505125, 1000
28E08FF0, 512, 509, 1495650505126, 1000
28E08FF0, 511, 509, 1495650505127, 1000
28E08FF0, 513, 512, 1495650505128, 1000
28E08FF0, 511, 510, 1495650505129, 1000
28E08FF0, 511, 511, 1495650505130, 1000
28E08FF0, 512, 510, 1495650505131, 1008
28E08FF0, 510, 510, 1495650505132, 992
28E08FF0, 510, 510, 1495650505133, 1000
28E08FF0, 511, 522, 1495650505134, 1000
28E08FF0, 513, 510, 1495650505135, 1000
28E08FF0, 506, 509, 1495650505136, 1000
28E08FF0, 508, 510, 1495650505137, 1000
28E08FF0, 510, 512, 1495650505138, 1000
28E08FF0, 509, 509, 1495650505139, 1000
28E08FF0, 509, 509, 1495650505140, 1000
28E08FF0, 511, 509, 1495650505141, 1000
28E093D8, 510, 509, 1495650505142, 1000
28E093D8, 510, 509, 1495650505143, 1000
28E093D8, 510, 498, 1495650505144, 1000
28E093D8, 507, 509, 1495650505145, 1000
28E097C0, 514, 509, 1495650505146, 1000
28E097C0, 512, 510, 1495650505147, 1000
28E097C0, 513, 511, 1495650505148, 1000
28E097C0, 512, 510, 1495650505149, 1000
28E097C0, 511, 510, 1495650505150, 1000
28E097C0, 513, 511, 1495650505151, 1000
28E097C0, 510, 510, 1495650505152, 1000
28E097C0, 510, 510, 1495650505153, 1000
28E097C0, 511, 519, 1495650505154, 1000
28E097C0, 514, 510, 1495650505155, 1000
28E097C0, 506, 509, 1495650505156, 1000
28E097C0, 509, 509, 1495650505157, 1000
28E097C0, 511, 511, 1495650505158, 1000
28E097C0, 509, 509, 1495650505159, 1000
28E097C0, 509, 508, 1495650505160, 1000
28E097C0, 511, 509, 1495650505161, 1000
28E097C0, 510, 509, 1495650505162, 1000
28E097C0, 510, 509, 1495650505163, 1000
28E097C0, 510, 499, 1495650505164, 1000
28E097C0, 507, 510, 1495650505165, 1000
28E097C0, 514, 510, 1495650505166, 1000
28E097C0, 512, 510, 1495650505167, 1000
28E097C0, 513, 512, 1495650505168, 1000
28E097C0, 512, 511, 1495650505169, 1000
28E097C0, 511, 511, 1495650505170, 1000
28E097C0, 513, 511, 1495650505171, 1000
28E097C0, 510, 510, 1495650505172, 1000
28E097C0, 510, 510, 1495650505173, 1000
28E097C0, 511, 519, 1495650505174, 1000
28E097C0, 513, 510, 1495650505175, 1000
28E097C0, 506, 510, 1495650505176, 1000
28E097C0, 509, 510, 1495650505177, 1000
28E097C0, 510, 511, 1495650505178, 1000
28E097C0, 509, 509, 1495650505179, 1000
28E097C0, 509, 509, 1495650505180, 1000
28E097C0, 511, 509, 1495650505181, 1000
28E097C0, 510, 509, 1495650505182, 1000
28E097C0, 510, 509, 1495650505183, 1000
28E097C0, 510, 498, 1495650505184, 1000
28E097C0, 507, 510, 1495650505185, 1000
28E097C0, 514, 510, 1495650505186, 1000
28E097C0, 512, 510, 1495650505187, 1000
28E097C0, 513, 512, 1495650505188, 1000
28E097C0, 512, 510, 1495650505189, 1000
28E097C0, 511, 511, 1495650505190, 1000
28E097C0, 513, 511, 1495650505191, 1000
28E097C0, 511, 510, 1495650505192, 1000
28E097C0, 510, 510, 1495650505193, 1000
28E097C0, 510, 521, 1495650505194, 1000
28E097C0, 514, 510, 1495650505195, 1000
28E097C0, 507, 510, 1495650505196, 1000
28E097C0, 509, 509, 1495650505197, 1000
28E097C0, 510, 511, 1495650505198, 1000
28E097C0, 509, 509, 1495650505199, 1000
28E097C0, 509, 509, 1495650505200, 1000
28E097C0, 511, 509, 1495650505201, 1000
28E097C0, 510, 509, 1495650505202, 1000
28E097C0, 510, 509, 1495650505203, 1000
28E097C0, 510, 498, 1495650505204, 1000
28E097C0, 507, 510, 1495650505205, 1000
28E097C0, 514, 510, 1495650505206, 1000
28E097C0, 512, 511, 1495650505207, 1000
28E097C0, 513, 513, 1495650505208, 1000
28E097C0, 512, 511, 1495650505209, 1000
28E097C0, 511, 511, 1495650505210, 1000
28E097C0, 512, 511, 1495650505211, 1000
28E097C0, 510, 511, 1495650505212, 1000
28E097C0, 510, 510, 1495650505213, 1000
28E097C0, 510, 521, 1495650505214, 1000
28E097C0, 513, 510, 1495650505215, 1000
28E097C0, 506, 510, 1495650505216, 1000
28E097C0, 508, 509, 1495650505217, 1000
28E097C0, 510, 511, 1495650505218, 1000
28E097C0, 509, 509, 1495650505219, 1000
28E097C0, 509, 509, 1495650505220, 1000
28E097C0, 511, 509, 1495650505221, 1000
28E097C0, 510, 508, 1495650505222, 1000
28E097C0, 510, 509, 1495650505223, 1000
28E097C0, 510, 497, 1495650505224, 1000
28E097C0, 507, 510, 1495650505225, 1000
28E097C0, 514, 510, 1495650505226, 1000
28E097C0, 516, 514, 1495650505227, 1000
28E097C0, 512, 510, 1495650505228, 1000
28E097C0, 510, 509, 1495650505229, 1000
28E097C0, 510, 509, 1495650505230, 1000
28E097C0, 512, 511, 1495650505231, 1000
28E097C0, 510, 510, 1495650505232, 1000
28E097C0, 510, 510, 1495650505233, 1000
28E097C0, 510, 521, 1495650505234, 1000
28E097C0, 514, 509, 1495650505235, 1000
28E097C0, 506, 509, 1495650505236, 1000
28E097C0, 509, 509, 1495650505237, 1000
28E09BA8, 510, 511, 1495650505238, 1000
28E09BA8, 509, 509, 1495650505239, 1000
28E09BA8, 509, 509, 1495650505240, 1000
28E09BA8, 511, 510, 1495650505241, 1000
28E09BA8, 510, 509, 1495650505242, 1000
28E09BA8, 510, 509, 1495650505243, 1000
28E09BA8, 510, 498, 1495650505244, 1000
28E09BA8, 507, 510, 1495650505245, 1000
28E09BA8, 514, 510, 1495650505246, 1000
28E09BA8, 512, 510, 1495650505247, 1000
28E09BA8, 513, 512, 1495650505248, 1000
28E09BA8, 512, 512, 1495650505249, 1000
28E09BA8, 511, 511, 1495650505250, 1000
28E09BA8, 512, 512, 1495650505251, 1000
28E09BA8, 510, 510, 1495650505252, 1000
28E09BA8, 510, 510, 1495650505253, 1000
28E09BA8, 510, 521, 1495650505254, 1000
28E09BA8, 514, 510, 1495650505255, 1000
28E09BA8, 506, 510, 1495650505256, 1000
28E09BA8, 509, 509, 1495650505257, 1000
28E09BA8, 510, 510, 1495650505258, 1000
28E09BA8, 509, 509, 1495650505259, 1008
28E09BA8, 509, 508, 1495650505260, 992
28E09BA8, 511, 508, 1495650505261, 1000
28E09BA8, 510, 509, 1495650505262, 1000
28E09BA8, 510, 509, 1495650505263, 1000
28E09BA8, 510, 498, 1495650505264, 1000
28E09BA8, 507, 510, 1495650505265, 1000
28E09BA8, 514, 510, 1495650505266, 1000
28E09BA8, 512, 510, 1495650505267, 1000
28E09BA8, 513, 512, 1495650505268, 1000
28E09BA8, 512, 510, 1495650505269, 1000
28E09BA8, 511, 511, 1495650505270, 1000
28E09BA8, 513, 511, 1495650505271, 1000
28E09BA8, 510, 511, 1495650505272, 1000
28E09BA8, 510, 510, 1495650505273, 1000
28E09BA8, 510, 521, 1495650505274, 1000
28E09BA8, 514, 509, 1495650505275, 1000
28E09BA8, 507, 509, 1495650505276, 1000
28E09BA8, 509, 510, 1495650505277, 1000
28E09BA8, 510, 511, 1495650505278, 1000
28E09BA8, 509, 509, 1495650505279, 1000
28E09BA8, 509, 509, 1495650505280, 1000
28E09BA8, 511, 510, 1495650505281, 1000
28E09BA8, 510, 509, 1495650505282, 1000
28E09BA8, 510, 509, 1495650505283, 1000
28E09BA8, 510, 498, 1495650505284, 1000
28E09BA8, 507, 511, 1495650505285, 1000
28E09BA8, 514, 510, 1495650505286, 1000
28E09BA8, 512, 510, 1495650505287, 1000
28E09BA8, 513, 513, 1495650505288, 1000
28E09BA8, 512, 511, 1495650505289, 1000
28E09BA8, 511, 511, 1495650505290, 1000
28E09BA8, 514, 515, 1495650505291, 1000
28E09BA8, 512, 512, 1495650505292, 1000
28E09BA8, 511, 512, 1495650505293, 1000
28E09BA8, 513, 523, 1495650505294, 1000
28E09BA8, 512, 509, 1495650505295, 1000
28E09BA8, 505, 508, 1495650505296, 1000
28E09BA8, 507, 508, 1495650505297, 1000
28E09BA8, 510, 510, 1495650505298, 1000
28E09BA8, 508, 508, 1495650505299, 1000
28E09BA8, 509, 508, 1495650505300, 1000
28E09BA8, 510, 508, 1495650505301, 1000
28E09BA8, 509, 509, 1495650505302, 1000
28E09BA8, 510, 508, 1495650505303, 1000
28E09BA8, 510, 497, 1495650505304, 1000
28E09BA8, 507, 509, 1495650505305, 1000
28E09BA8, 514, 509, 1495650505306, 1000
28E09BA8, 512, 509, 1495650505307, 1000
28E09BA8, 513, 512, 1495650505308, 1000
28E09BA8, 512, 510, 1495650505309, 1000
28E09BA8, 512, 511, 1495650505310, 1000
28E09BA8, 513, 511, 1495650505311, 1000
28E09BA8, 511, 511, 1495650505312, 1000
28E09F90, 510, 510, 1495650505313, 1000
28E09F90, 514, 523, 1495650505314, 1000
28E09F90, 517, 511, 1495650505315, 1000
28E09F90, 505, 508, 1495650505316, 1000
28E09F90, 508, 509, 1495650505317, 1000
28E09F90, 510, 510, 1495650505318, 1000
28E09F90, 509, 509, 1495650505319, 1000
28E09F90, 509, 509, 1495650505320, 1000
28E09F90, 511, 510, 1495650505321, 1000
28E09F90, 510, 509, 1495650505322, 1000
28E09F90, 510, 509, 1495650505323, 1000
28E09F90, 510, 498, 1495650505324, 1000
28E09F90, 506, 510, 1495650505325, 1000
28E09F90, 514, 510, 1495650505326, 1000
28E09F90, 512, 511, 1495650505327, 1000
28E09F90, 513, 512, 1495650505328, 1000
28E09F90, 516, 516, 1495650505329, 1000
28E09F90, 514, 514, 1495650505330, 1000
28E09F90, 511, 510, 1495650505331, 1000
28E09F90, 509, 510, 1495650505332, 1000
28E09F90, 509, 509, 1495650505333, 1000
28E09F90, 511, 519, 1495650505334, 1000
28E09F90, 513, 509, 1495650505335, 1000
28E09F90, 505, 509, 1495650505336, 1000
28E09F90, 508, 509, 1495650505337, 1000
28E09F90, 510, 510, 1495650505338, 1000
28E09F90, 509, 509, 1495650505339, 1000
28E09F90, 509, 509, 1495650505340, 1000
28E09F90, 511, 509, 1495650505341, 1000
28E09F90, 510, 509, 1495650505342, 1000
28E09F90, 510, 508, 1495650505343, 1000
28E09F90, 510, 497, 1495650505344, 1000
28E09F90, 507, 510, 1495650505345, 1000
28E09F90, 514, 509, 1495650505346, 1000
28E09F90, 512, 509, 1495650505347, 1000
28E09F90, 513, 511, 1495650505348, 1000
28E09F90, 512, 511, 1495650505349, 1000
28E09F90, 511, 511, 1495650505350, 1000
28E09F90, 512, 511, 1495650505351, 1000
28E09F90, 510, 510, 1495650505352, 1000
28E09F90, 510, 510, 1495650505353, 1000
28E09F90, 511, 521, 1495650505354, 1000
28E09F90, 514, 510, 1495650505355, 1000
28E09F90, 506, 509, 1495650505356, 1000
28E09F90, 509, 510, 1495650505357, 1000
28E09F90, 510, 511, 1495650505358, 1000
28E09F90, 509, 510, 1495650505359, 1000
28E09F90, 509, 509, 1495650505360, 1000
28E09F90, 511, 509, 1495650505361, 1000
28E09F90, 510, 509, 1495650505362, 1000
28E09F90, 510, 509, 1495650505363, 1000
28E09F90, 511, 498, 1495650505364, 1000
28E09F90, 506, 510, 1495650505365, 1000
28E09F90, 514, 510, 1495650505366, 1000
28E09F90, 512, 510, 1495650505367, 1000
28E09F90, 513, 512, 1495650505368, 1000
28E09F90, 512, 511, 1495650505369, 1000
28E09F90, 511, 511, 1495650505370, 1000
28E09F90, 512, 512, 1495650505371, 1000
28E09F90, 510, 511, 1495650505372, 1000
28E09F90, 510, 510, 1495650505373, 1000
28E09F90, 510, 520, 1495650505374, 1000
28E09F90, 514, 510, 1495650505375, 1000
28E09F90, 506, 509, 1495650505376, 1000
28E09F90, 509, 509, 1495650505377, 1000
28E09F90, 510, 511, 1495650505378, 1000
28E09F90, 509, 509, 1495650505379, 1000
28E09F90, 509, 508, 1495650505380, 1000
28E09F90, 511, 509, 1495650505381, 1000
28E09F90, 510, 508, 1495650505382, 1000
28E09F90, 510, 509, 1495650505383, 1000
28E09F90, 511, 498, 1495650505384, 1000
28E09F90, 507, 510, 1495650505385, 1000
28E09F90, 514, 510, 1495650505386, 1000
28E09F90, 512, 510, 1495650505387, 1008
28E09F90, 513, 512, 1495650505388, 992
28E09F90, 512, 511, 1495650505389, 1000
28E09F90, 511, 511, 1495650505390, 1000
28E09F90, 513, 512, 1495650505391, 1000
28E09F90, 510, 510, 1495650505392, 1000
28E09F90, 510, 511, 1495650505393, 1000
28E09F90, 511, 521, 1495650505394, 1000
28E09F90, 514, 510, 1495650505395, 1000
28E09F90, 506, 510, 1495650505396, 1000
28E09F90, 509, 510, 1495650505397, 1000
28E09F90, 510, 511, 1495650505398, 1000
28E09F90, 510, 510, 1495650505399, 1000
28E09F90, 509, 509, 1495650505400, 1000
28E09F90, 511, 510, 1495650505401, 1000
28E0A378, 510, 509, 1495650505402, 1000
28E0A378, 510, 509, 1495650505403, 1000
28E0A760, 511, 500, 1495650505404, 1000
28E0A760, 506, 510, 1495650505405, 1000
28E0A760, 514, 510, 1495650505406, 1000
28E0A760, 512, 510, 1495650505407, 1000
28E0A760, 513, 512, 1495650505408, 1000
28E0A760, 512, 511, 1495650505409, 1000
28E0A760, 511, 511, 1495650505410, 1000
28E0A760, 512, 511, 1495650505411, 1000
28E0A760, 511, 511, 1495650505412, 1000
28E0A760, 510, 510, 1495650505413, 1000
28E0A760, 510, 519, 1495650505414, 1000
28E0A760, 515, 509, 1495650505415, 1000
28E0A760, 506, 509, 1495650505416, 1000
28E0A760, 509, 509, 1495650505417, 1000
28E0A760, 510, 511, 1495650505418, 1000
28E0A760, 509, 509, 1495650505419, 1000
28E0A760, 509, 509, 1495650505420, 1000
28E0A760, 511, 509, 1495650505421, 1000
28E0A760, 510, 508, 1495650505422, 1000
28E0A760, 510, 508, 1495650505423, 1000
28E0A760, 510, 498, 1495650505424, 1000
28E0A760, 506, 509, 1495650505425, 1000
28E0A760, 514, 509, 1495650505426, 1000
28E0A760, 512, 510, 1495650505427, 1000
28E0A760, 513, 512, 1495650505428, 1000
28E0A760, 512, 510, 1495650505429, 1000
28E0A760, 511, 511, 1495650505430, 1000
28E0A760, 514, 516, 1495650505431, 1000
28E0A760, 514, 514, 1495650505432, 1000
28E0A760, 508, 508, 1495650505433, 1000
28E0A760, 509, 518, 1495650505434, 1000
28E0A760, 513, 509, 1495650505435, 1000
28E0A760, 505, 509, 1495650505436, 1000
28E0A760, 508, 509, 1495650505437, 1000
28E0A760, 510, 511, 1495650505438, 1000
28E0A760, 509, 509, 1495650505439, 1000
28E0A760, 509, 509, 1495650505440, 1000
28E0A760, 511, 509, 1495650505441, 1000
28E0A760, 510, 509, 1495650505442, 1000
28E0A760, 510, 509, 1495650505443, 1000
28E0A760, 511, 499, 1495650505444, 1000
28E0A760, 506, 510, 1495650505445, 1000
28E0A760, 514, 510, 1495650505446, 1000
28E0A760, 512, 511, 1495650505447, 1000
28E0A760, 513, 512, 1495650505448, 1000
28E0A760, 512, 511, 1495650505449, 1000
28E0A760, 511, 511, 1495650505450, 1000
28E0A760, 512, 511, 1495650505451, 1000
28E0A760, 510, 510, 1495650505452, 1000
28E0A760, 510, 510, 1495650505453, 1000
28E0A760, 510, 520, 1495650505454, 1000
28E0A760, 515, 510, 1495650505455, 1000
28E0A760, 506, 509, 1495650505456, 1000
28E0A760, 509, 509, 1495650505457, 1000
28E0A760, 510, 510, 1495650505458, 1000
28E0A760, 509, 509, 1495650505459, 1000
28E0A760, 509, 508, 1495650505460, 1000
28E0A760, 511, 509, 1495650505461, 1000
28E0A760, 510, 509, 1495650505462, 1000
28E0A760, 510, 509, 1495650505463, 1000
28E0A760, 511, 501, 1495650505464, 1000
28E0A760, 506, 510, 1495650505465, 1000
28E0A760, 514, 510, 1495650505466, 1000
28E0A760, 512, 510, 1495650505467, 1000
28E0A760, 513, 512, 1495650505468, 1000
28E0A760, 512, 511, 1495650505469, 1000
28E0A760, 512, 511, 1495650505470, 1000
28E0A760, 512, 511, 1495650505471, 1000
28E0A760, 510, 510, 1495650505472, 1000
28E0A760, 510, 510, 1495650505473, 1000
28E0A760, 511, 518, 1495650505474, 1000
28E0A760, 515, 510, 1495650505475, 1000
28E0A760, 506, 510, 1495650505476, 1000
28E0A760, 508, 510, 1495650505477, 1000
28E0A760, 510, 511, 1495650505478, 1000
28E0A760, 509, 510, 1495650505479, 1000
28E0A760, 509, 509, 1495650505480, 1000
28E0A760, 510, 510, 1495650505481, 1000
28E0A760, 510, 509, 1495650505482, 1000
28E0A760, 510, 509, 1495650505483, 1000
28E0A760, 511, 500, 1495650505484, 1000
28E0A760, 506, 510, 1495650505485, 1000
28E0A760, 514, 510, 1495650505486, 1000
28E0A760, 512, 510, 1495650505487, 1000
28E0A760, 513, 512, 1495650505488, 1000
28E0A760, 512, 511, 1495650505489, 1000
28E0A760, 511, 511, 1495650505490, 1000
28E0A760, 512, 511, 1495650505491, 1000
28E0A760, 510, 510, 1495650505492, 1000
28E0A760, 510, 510, 1495650505493, 1000
28E0A760, 511, 519, 1495650505494, 1000
28E0A760, 515, 510, 1495650505495, 1000
28E0A760, 507, 510, 1495650505496, 1000
28E0A760, 510, 509, 1495650505497, 1000
28E0A760, 510, 510, 1495650505498, 1000
28E0A760, 509, 509, 1495650505499, 1000
28E0A760, 508, 508, 1495650505500, 1000
28E0A760, 510, 509, 1495650505501, 1000
28E0A760, 510, 508, 1495650505502, 1000
28E0A760, 510, 508, 1495650505503, 1000
28E0A760, 511, 498, 1495650505504, 1000
28E0A760, 506, 510, 1495650505505, 1000
28E0AB48, 514, 510, 1495650505506, 1000
28E0AB48, 512, 510, 1495650505507, 1000
28E0AB48, 513, 511, 1495650505508, 1000
28E0AB48, 512, 511, 1495650505509, 1000
28E0AB48, 512, 511, 1495650505510, 1000
28E0AB48, 512, 512, 1495650505511, 1000
28E0AB48, 510, 511, 1495650505512, 1000
28E0AB48, 510, 511, 1495650505513, 1000
28E0AB48, 511, 518, 1495650505514, 1000
28E0AB48, 515, 509, 1495650505515, 1008
28E0AB48, 506, 510, 1495650505516, 992
28E0AB48, 509, 510, 1495650505517, 1000
28E0AB48, 510, 511, 1495650505518, 1000
28E0AB48, 509, 510, 1495650505519, 1000
28E0AB48, 509, 509, 1495650505520, 1000
28E0AB48, 510, 510, 1495650505521, 1000
28E0AB48, 510, 509, 1495650505522, 1000
28E0AB48, 510, 509, 1495650505523, 1000
28E0AB48, 511, 501, 1495650505524, 1000
28E0AB48, 505, 510, 1495650505525, 1000
28E0AB48, 514, 510, 1495650505526, 1000
28E0AB48, 512, 510, 1495650505527, 1000
28E0AB48, 513, 512, 1495650505528, 1000
28E0AB48, 512, 511, 1495650505529, 1000
28E0AB48, 511, 511, 1495650505530, 1000
28E0AB48, 512, 512, 1495650505531, 1000
28E0AB48, 511, 510, 1495650505532, 1000
28E0AB48, 510, 510, 1495650505533, 1000
28E0AB48, 515, 521, 1495650505534, 1000
28E0AB48, 519, 509, 1495650505535, 1000
28E0AB48, 505, 508, 1495650505536, 1000
28E0AB48, 508, 508, 1495650505537, 1000
28E0AB48, 509, 510, 1495650505538, 1000
28E0AB48, 509, 508, 1495650505539, 1000
28E0AB48, 509, 508, 1495650505540, 1000
28E0AB48, 512, 513, 1495650505541, 1000
28E0AB48, 512, 511, 1495650505542, 1000
28E0AB48, 512, 511, 1495650505543, 1000
28E0AB48, 511, 498, 1495650505544, 1000
28E0AB48, 504, 508, 1495650505545, 1000
28E0AB48, 513, 509, 1495650505546, 1000
28E0AB48, 512, 509, 1495650505547, 1000
28E0AB48, 512, 512, 1495650505548, 1000
28E0AB48, 511, 511, 1495650505549, 1000
28E0AB48, 511, 511, 1495650505550, 1000
28E0AB48, 512, 512, 1495650505551, 1000
28E0AB48, 510, 510, 1495650505552, 1000
28E0AB48, 510, 510, 1495650505553, 1000
28E0AB48, 510, 517, 1495650505554, 1000
28E0AB48, 515, 510, 1495650505555, 1000
28E0AB48, 506, 510, 1495650505556, 1000
28E0AB48, 508, 509, 1495650505557, 1000
28E0AB48, 510, 510, 1495650505558, 1000
28E0AB48, 509, 510, 1495650505559, 1000
28E0AB48, 509, 508, 1495650505560, 1000
28E0AB48, 510, 510, 1495650505561, 1000
28E0AB48, 510, 509, 1495650505562, 1000
28E0AB48, 510, 509, 1495650505563, 1000
